H2O,H2,O2,CO,CO2,N2,number_ocean_moles,ch_ratio,fo2_shift
8.827463135868015,84.33036334464511,9.300523012858578e-10,13.378099165807361,0.30647361645592197,0.5452960498897733,5.652392311625265,0.14303650159005638,-1.973939342493817
2.44312394709893,0.6461340222405663,1.2135265204936385e-06,88.1335466528922,72.93078356721358,2.6518411721565385,2.4942798482753523,0.8457296934362845,1.1399685699656494
